{
  "feature_names": [
    "bid_volume_1",
    "bid_volume_2",
    "bid_volume_3",
    "ask_volume_1",
    "ask_volume_2",
    "ask_volume_3",
    "volume_ratio",
    "price_to_mid_bid",
    "price_to_mid_ask"
  ],
  "means": [
    21.220366666666667,
    5.248666666666667,
    0.4159,
    20.357566666666667,
    6.028433333333333,
    0.4685,
    0.00014767278328776975,
    1.3328666666666666,
    1.3328666666666666
  ],
  "stds": [
    10.26121200763124,
    10.48524510390143,
    3.2744761194222605,
    10.14774421955715,
    10.98032292537681,
    3.43065704348307,
    0.06212545214873268,
    0.4326273788017685,
    0.4326273788017685
  ],
  "cluster_centers": [
    [
      0.5054152912239398,
      -0.5005764400026768,
      -0.12701268381013314,
      0.5484820899342294,
      -0.5488060824751656,
      -0.1365627616115077,
      0.12508562826185488,
      0.6447905412750036,
      0.6447905412750036
    ],
    [
      0.32451311610377426,
      -0.3622575513228518,
      -0.12478545507887054,
      -1.6286822449366116,
      1.635208888868401,
      0.4386212186722121,
      -1.086169132871384,
      -0.8958384058763021,
      -0.8958384058763021
    ],
    [
      -1.7743435385173465,
      1.804218378163749,
      0.4954947807217271,
      0.34678384448227734,
      -0.35337206350381994,
      -0.12432173893744984,
      0.898992402662953,
      -0.7610654316286799,
      -0.7610654316286799
    ]
  ]
}